RA_CODE_2016,P_1000_1249_15_19_yrs,P_1000_1249_20_24_yrs,P_1000_1249_25_34_yrs,P_1000_1249_35_44_yrs,P_1000_1249_45_54_yrs,P_1000_1249_55_64_yrs,P_1000_1249_65_74_yrs,P_1000_1249_75_84_yrs,P_1000_1249_85ov,P_1000_1249_Tot,P_1250_1499_15_19_yrs,P_1250_1499_20_24_yrs,P_1250_1499_25_34_yrs,P_1250_1499_35_44_yrs,P_1250_1499_45_54_yrs,P_1250_1499_55_64_yrs,P_1250_1499_65_74_yrs,P_1250_1499_75_84_yrs,P_1250_1499_85ov,P_1250_1499_Tot,P_1500_1749_15_19_yrs,P_1500_1749_20_24_yrs,P_1500_1749_25_34_yrs,P_1500_1749_35_44_yrs,P_1500_1749_45_54_yrs,P_1500_1749_55_64_yrs,P_1500_1749_65_74_yrs,P_1500_1749_75_84_yrs,P_1500_1749_85ov,P_1500_1749_Tot,P_1750_1999_15_19_yrs,P_1750_1999_20_24_yrs,P_1750_1999_25_34_yrs,P_1750_1999_35_44_yrs,P_1750_1999_45_54_yrs,P_1750_1999_55_64_yrs,P_1750_1999_65_74_yrs,P_1750_1999_75_84_yrs,P_1750_1999_85ov,P_1750_1999_Tot,P_2000_2999_15_19_yrs,P_2000_2999_20_24_yrs,P_2000_2999_25_34_yrs,P_2000_2999_35_44_yrs,P_2000_2999_45_54_yrs,P_2000_2999_55_64_yrs,P_2000_2999_65_74_yrs,P_2000_2999_75_84_yrs,P_2000_2999_85ov,P_2000_2999_Tot,P_3000_more_15_19_yrs,P_3000_more_20_24_yrs,P_3000_more_25_34_yrs,P_3000_more_35_44_yrs,P_3000_more_45_54_yrs,P_3000_more_55_64_yrs,P_3000_more_65_74_yrs,P_3000_more_75_84_yrs,P_3000_more_85ov,P_3000_more_Tot,P_PI_NS_15_19_yrs,P_PI_NS_ns_20_24_yrs,P_PI_NS_ns_25_34_yrs,P_PI_NS_ns_35_44_yrs,P_PI_NS_ns_45_54_yrs,P_PI_NS_ns_55_64_yrs,P_PI_NS_ns_65_74_yrs,P_PI_NS_ns_75_84_yrs,P_PI_NS_ns_85_yrs_ovr,P_PI_NS_ns_Tot,P_Tot_15_19_yrs,P_Tot_20_24_yrs,P_Tot_25_34_yrs,P_Tot_35_44_yrs,P_Tot_45_54_yrs,P_Tot_55_64_yrs,P_Tot_65_74_yrs,P_Tot_75_84_yrs,P_Tot_85ov,P_Tot_Tot
RA10,1257,29913,111601,78608,71889,56180,23815,7197,2939,383398,412,12926,83640,62841,53634,38334,13841,3506,1365,270498,215,5276,67440,60811,50967,34614,10565,2803,1172,233864,123,1944,41858,49014,40144,25929,6962,1813,775,168559,126,1571,57327,88495,67549,39615,10581,2794,1086,269153,316,905,19527,61466,59192,31985,10699,3463,1564,189122,25621,30079,69844,54738,48938,42592,38092,30769,25769,366457,334081,392426,871631,789932,723966,616060,446326,249090,117134,4540648
RA11,354,5009,17063,17059,19173,17260,8211,2718,983,87834,96,2091,11496,11732,13111,10833,3848,1007,323,54526,28,891,8182,10668,11777,9151,2638,671,251,44261,19,369,4796,8217,9271,6982,1586,420,174,31830,28,304,5578,11474,12726,8828,2188,604,199,41930,104,211,1684,4660,6123,4867,2087,773,335,20846,10756,7582,14442,14579,16771,17842,18010,13979,9379,123336,87125,74345,147650,161324,188280,199472,170225,92372,38424,1159221
RA12,100,1370,4444,4490,5650,5520,2427,793,289,25072,40,590,2770,2977,3513,3129,1140,308,95,14564,16,224,1947,2479,3050,2434,763,181,76,11171,14,131,1118,1897,2188,1756,514,135,62,7816,7,84,1349,2316,2711,1992,580,185,87,9322,40,59,441,998,1299,1218,576,255,85,4964,4082,2371,4696,4936,6443,7518,7236,5208,2836,45320,24903,19651,41124,45682,59009,67596,55696,29512,11249,354419
RA13,20,134,394,292,359,311,119,40,10,1682,4,58,279,204,257,175,60,25,4,1065,3,40,229,189,202,161,29,9,5,874,0,21,150,141,126,131,39,8,0,623,0,18,194,207,196,146,41,12,6,820,7,14,51,109,153,118,43,21,3,515,305,248,530,515,588,591,515,318,105,3718,1490,1550,3654,3363,4027,4032,2930,1595,533,23182
RA14,0,16,57,55,63,64,22,3,3,281,0,5,29,35,34,25,13,3,0,157,0,3,38,28,38,30,4,4,0,142,0,0,20,30,19,17,11,3,0,93,0,3,16,26,28,37,10,0,0,125,0,3,3,13,17,32,13,0,0,82,68,79,179,119,168,145,102,46,11,921,291,327,733,658,848,804,539,220,72,4502
RA15,0,0,0,3,4,3,0,0,0,10,0,0,3,0,3,3,0,0,0,14,0,0,3,4,0,7,0,0,0,17,0,0,0,3,3,0,0,0,0,3,0,0,0,3,4,0,0,0,0,6,0,0,0,0,0,0,0,0,0,3,4,3,4,0,10,17,25,11,4,78,12,9,32,34,50,74,108,42,10,374
RA19,3,61,179,89,80,80,34,6,0,533,0,23,95,63,45,31,16,4,0,277,5,9,77,47,37,30,6,3,0,219,0,7,61,25,27,15,4,0,0,136,0,0,64,75,34,15,3,5,0,210,0,0,19,49,20,5,12,0,0,111,110,265,641,427,392,338,220,74,24,2494,517,1358,2703,1900,1798,1722,1196,282,78,11545
RA20,785,20655,99697,67228,61310,44712,17347,5484,2354,319573,229,7619,72235,53692,45355,30463,10023,2630,1132,223373,189,2985,52289,50096,41818,26839,7593,2028,892,184741,84,1213,29527,37686,31156,19393,5015,1314,585,125979,151,1060,37598,61922,48987,28022,7477,2018,889,188125,264,823,11661,39582,39982,21778,7694,2492,1139,125417,22477,25838,57792,44950,41316,35199,31986,25715,19125,304396,273424,341054,744159,647695,593592,482623,349520,201334,92512,3725933
RA21,219,4144,15245,14221,16467,13822,5524,1716,723,72081,67,1526,10208,10442,11323,8709,2774,671,226,45954,17,627,6503,8847,9769,7353,1813,474,178,35584,15,223,3493,6034,6902,4927,1141,290,140,23158,18,191,3672,7519,8740,6041,1519,452,146,28297,95,183,1288,3558,4786,3614,1476,588,227,15816,8406,5296,10442,11208,13254,14339,14251,10192,6226,93617,68294,60323,119172,131149,152272,155999,127348,66036,28004,908600
RA22,53,801,2860,2602,3457,3205,1257,444,203,14870,8,266,1675,1790,2064,1834,612,167,55,8474,4,101,1033,1360,1765,1492,388,112,44,6302,3,43,480,860,1142,958,247,75,21,3825,7,30,456,999,1309,995,260,102,29,4188,24,43,217,461,643,646,302,135,51,2530,1957,1242,2445,2420,3301,3875,3912,2794,1593,23541,14141,11429,23816,25486,33164,37410,31698,17239,7324,201709
RA23,0,9,22,21,34,50,24,12,9,180,0,4,14,31,21,15,7,3,4,105,0,0,17,14,19,21,0,0,0,67,0,0,5,3,20,9,5,3,0,48,0,0,0,9,7,22,3,0,0,44,0,0,3,8,6,5,3,0,0,28,19,11,25,29,41,43,52,42,14,266,121,90,199,286,404,597,545,274,109,2617
RA25,0,0,0,0,0,0,0,0,0,0,0,0,0,0,0,0,0,0,0,0,0,0,0,0,0,0,0,0,0,0,0,0,0,0,0,0,0,0,0,0,0,0,0,0,0,4,0,0,0,3,0,0,4,0,4,6,0,0,0,13,0,0,0,0,3,3,0,0,0,6,0,0,4,3,11,5,0,0,0,25
RA29,6,37,127,61,53,32,12,0,0,329,0,11,83,36,32,25,3,0,0,185,0,0,42,36,19,18,9,0,0,123,0,0,34,23,21,13,0,0,0,88,0,0,52,36,21,16,4,0,0,129,0,0,15,23,14,21,5,0,0,76,64,163,358,249,183,140,91,26,12,1283,357,898,1848,1295,975,816,482,121,38,6825
RA30,774,16049,57405,46730,43885,31633,12520,3556,1391,213936,252,6867,40806,35740,32013,21111,6829,1552,551,145716,139,2696,30771,34575,31076,19347,4865,1138,416,125018,53,1123,17541,23811,21365,12445,3088,755,268,80461,57,891,21573,36796,33274,17831,4339,1089,414,116262,156,476,6900,21258,22950,12760,4269,1407,526,70702,14809,17003,34389,28949,27825,23753,21169,16172,13966,198027,188422,215122,435151,411637,391040,323496,244625,124432,55303,2389230
RA31,282,3977,11580,11563,13152,10526,4109,1193,410,56793,84,1836,7753,8348,9055,6556,1853,461,112,36059,30,842,5929,7755,8599,6086,1284,289,85,30908,18,416,3569,5116,5722,3868,798,170,54,19727,18,401,4944,7530,8235,4968,988,249,63,27387,69,174,1643,3614,4087,2728,979,360,118,13770,6377,4995,9939,10164,11665,11541,10898,7233,4378,77201,59029,51504,103947,112172,128979,126681,105399,52655,19169,759537
RA32,278,3560,10005,9180,9682,7481,2623,691,216,43718,88,1849,7226,6743,6794,4838,1318,273,77,29215,38,815,5378,6198,6581,4202,926,198,60,24400,28,360,3130,4201,4262,2806,600,119,47,15552,21,369,4457,6350,6339,3707,742,167,57,22208,48,123,1480,2888,3039,2065,687,229,71,10635,5402,5031,10342,9486,10259,9435,7598,4523,1991,64079,41515,40900,86851,87046,93121,85107,60941,28349,9844,533673
RA33,40,450,969,782,839,695,249,96,18,4140,21,241,771,597,654,458,147,37,3,2925,13,142,626,534,586,410,104,25,4,2433,11,106,498,464,477,316,70,23,4,1970,8,139,1194,1031,846,499,118,30,5,3874,10,22,354,479,447,323,129,19,6,1791,627,753,1731,1310,1440,1301,942,389,115,8606,3727,4487,10827,9287,9954,8948,5900,2403,665,56190
RA34,44,273,767,558,621,465,161,30,10,2932,14,142,512,394,420,351,98,20,8,1949,9,75,349,353,397,284,61,9,4,1549,4,34,274,286,261,226,54,7,3,1138,0,40,388,431,406,304,54,15,3,1644,4,9,90,169,191,157,62,15,4,700,647,516,945,701,801,738,519,261,82,5209,3176,3706,7617,6482,6925,6249,3795,1583,502,40039
RA35,0,0,0,0,0,3,0,0,0,6,0,0,0,0,0,3,0,0,0,7,0,0,4,0,3,0,0,0,0,9,0,0,0,0,0,0,0,0,0,0,0,0,0,3,3,5,0,0,0,7,0,0,0,0,0,0,0,3,0,5,0,3,0,0,0,4,8,0,0,24,11,11,11,14,24,30,33,16,4,144
RA39,3,50,160,92,72,102,47,12,0,535,0,20,63,49,62,50,15,0,0,264,0,3,85,52,52,32,16,0,0,242,0,3,26,28,28,22,3,0,0,122,0,0,51,47,46,33,4,0,0,185,0,10,20,22,28,14,10,4,0,109,72,230,495,331,332,424,297,73,17,2272,408,1133,2293,1485,1663,2373,1916,381,44,11693
RA40,158,4957,22405,18288,18786,14938,6049,1778,921,88277,66,1912,14949,13211,12830,9353,3206,747,339,56620,29,699,10982,12207,11548,8459,2185,522,279,46916,27,217,5844,8612,8530,6124,1471,366,171,31363,24,218,5813,11500,11922,7712,1915,496,208,39798,83,157,1647,5344,6737,4736,1893,651,351,21596,5220,5116,10716,9170,9681,8912,8438,7029,5787,70071,74835,85827,171668,158874,163868,148655,114326,65826,33097,1016978
RA41,44,716,2694,2927,3573,3020,1194,384,124,14674,9,278,1722,1951,2246,1754,627,123,40,8756,10,110,1130,1607,1885,1516,370,106,34,6764,3,34,619,1106,1326,981,250,35,25,4385,0,36,615,1388,1712,1106,269,71,30,5228,8,19,167,524,783,621,284,92,44,2540,1387,782,1535,1717,2014,2288,2294,1583,1122,14722,13015,10913,21265,24550,30179,30844,26681,13258,5489,176195
RA42,50,591,1858,1908,2404,2226,850,246,89,10210,11,346,1279,1185,1618,1331,365,67,22,6225,7,109,967,1108,1420,1121,256,66,14,5063,3,49,559,791,967,759,178,36,16,3357,3,50,598,938,1131,828,212,55,23,3836,15,31,181,407,478,453,208,73,36,1879,1157,798,1758,1703,2204,2315,2242,1545,1126,14853,9764,8243,17734,18902,24391,25686,21438,11222,4615,141991
RA43,9,173,537,516,623,577,236,65,28,2764,6,80,390,337,437,310,103,27,8,1707,6,30,306,329,330,287,73,20,13,1406,3,41,191,245,285,210,44,12,0,1027,0,30,350,378,384,257,51,17,9,1480,4,5,106,181,200,140,51,22,6,722,306,215,541,473,575,614,517,340,236,3809,2238,1938,5039,4992,6051,6424,4927,2417,1088,35115
RA44,6,51,178,155,190,145,53,5,3,797,0,40,110,128,142,99,38,3,0,559,0,27,109,91,104,112,24,3,0,467,0,4,68,54,94,82,14,0,0,317,0,13,90,109,84,77,21,0,0,390,3,3,25,57,41,62,16,0,0,193,169,146,325,262,328,311,185,89,56,1868,663,799,1845,1721,1926,1897,1210,475,173,10711
RA45,0,0,0,0,0,0,0,0,0,0,0,0,0,0,0,0,0,0,0,0,0,0,0,0,0,0,0,0,0,0,0,0,0,0,0,0,0,0,0,0,0,0,0,0,0,0,0,0,0,3,0,0,0,0,0,0,0,0,0,0,0,0,0,0,0,0,0,0,0,0,0,0,0,0,0,3,0,0,0,3
RA49,0,8,43,26,20,19,8,0,0,122,0,3,14,14,12,6,0,0,0,51,0,0,6,15,12,5,3,0,0,37,0,0,9,0,5,10,3,0,0,21,0,0,7,11,11,5,0,0,0,40,3,0,3,3,4,0,0,0,0,19,11,33,71,61,100,64,34,10,7,400,173,266,556,421,474,403,271,59,22,2648
RA50,459,10394,37183,26184,25819,20047,8019,2294,959,131363,127,5391,28629,21649,20358,14409,4674,1000,355,96596,70,2468,24078,20848,19650,13187,3474,756,259,84801,31,1115,15908,16871,15619,10258,2439,489,203,62938,29,1236,23055,30556,28387,17034,3682,791,276,105039,91,473,8224,20071,21195,12013,3340,960,342,66702,9094,10403,25519,19606,18238,15333,13201,10962,8499,130873,118451,131547,303287,268741,254234,209530,149970,81028,34447,1551233
RA51,86,875,2546,2718,3030,2451,1020,282,87,13104,35,465,1678,2046,2256,1636,505,112,33,8771,10,257,1473,1901,2182,1600,381,98,27,7933,10,157,1069,1528,1799,1248,246,58,18,6127,9,157,1637,2717,3070,1852,331,56,24,9847,18,60,613,1253,1493,954,308,71,23,4800,1716,1385,3256,3311,3315,2883,2539,1663,871,20939,13294,10599,24762,28613,31319,29202,22225,10453,3621,174076
RA52,87,843,2115,2112,2629,2236,850,258,98,11223,34,473,1630,1623,1854,1406,474,125,26,7646,19,300,1474,1555,1801,1367,400,87,21,7020,10,172,1098,1266,1407,1083,227,62,18,5354,7,190,1642,2153,2361,1582,326,101,23,8382,11,56,453,911,1057,748,277,91,24,3641,1437,1042,2557,2453,2724,2803,2161,1553,905,17643,11041,9135,21432,22425,26077,25285,18622,9464,3416,146896
RA53,64,453,1342,1091,1076,862,307,80,18,5298,17,273,1055,906,855,650,157,47,12,3964,15,205,968,880,904,629,132,26,11,3764,8,145,855,800,708,495,78,23,4,3130,14,195,1716,1694,1437,868,150,35,7,6117,9,67,936,1195,942,540,162,39,12,3900,715,682,2142,1805,1765,1337,755,366,174,9718,4160,4428,14149,12741,11957,9540,5011,2135,688,64799
RA54,52,260,799,656,634,526,161,27,10,3122,17,205,722,570,592,388,105,14,3,2621,19,187,750,522,580,402,69,5,3,2544,11,141,756,601,581,392,69,6,0,2555,10,269,2239,1869,1580,879,133,3,0,6989,5,116,1492,1522,1273,656,100,9,0,5177,747,862,2987,2355,2029,1316,557,177,58,11084,2900,4111,14109,11491,10312,7458,3202,917,233,54730
RA55,0,3,6,3,0,0,0,0,0,19,0,0,4,3,4,3,0,0,0,14,0,0,10,6,3,8,3,0,0,24,0,0,6,10,6,4,0,0,0,25,0,4,43,21,20,6,0,0,0,95,0,0,27,61,42,12,0,0,0,138,0,3,28,21,20,6,0,0,0,89,0,20,127,127,105,43,8,3,3,434
RA59,0,21,97,57,33,35,18,3,0,258,0,11,51,23,31,25,9,0,0,154,0,7,47,35,35,25,5,0,0,153,0,7,45,24,25,27,3,0,0,130,0,10,76,64,60,36,14,0,0,246,0,5,39,41,31,26,3,0,0,153,24,95,268,136,176,168,111,20,8,1007,151,503,1306,910,957,977,633,98,23,5559
RA61,49,1310,5476,4792,5323,4479,1735,577,242,23977,10,501,3502,3623,3710,2812,821,204,102,15275,11,160,2373,3115,3433,2545,565,167,72,12449,6,58,1270,2236,2481,1700,321,91,49,8220,6,35,1108,2515,3059,1962,437,135,58,9315,20,56,339,1053,1485,1138,440,153,81,4762,1867,1611,3055,2758,3066,3354,3232,2323,1456,22727,21518,22216,42673,41884,45954,44895,35120,19316,8503,282083
RA62,36,462,1647,1775,2279,1992,769,210,63,9229,12,191,1021,1115,1448,1160,324,68,19,5360,3,74,651,947,1325,1019,210,39,17,4284,0,34,350,604,843,617,117,18,6,2590,0,21,322,639,841,622,161,40,5,2656,10,27,99,259,383,385,186,59,19,1414,1100,580,1063,1309,1756,2074,2088,1302,573,11844,9138,7133,14084,16750,22450,25248,20696,9637,3080,128211
RA63,3,24,102,52,81,77,33,8,3,388,0,16,56,41,48,49,20,4,0,241,0,7,27,36,58,49,12,3,0,185,0,3,30,32,47,33,3,3,0,154,0,5,39,44,56,48,10,3,0,215,0,0,8,19,26,26,11,0,3,92,46,32,70,67,110,139,152,68,21,716,282,313,788,793,1152,1419,1116,466,121,6449
RA64,0,4,26,37,54,49,16,3,0,192,0,6,25,15,29,23,14,7,3,122,0,0,23,11,26,23,5,6,3,93,0,0,11,13,8,15,5,0,0,55,0,8,11,16,18,19,5,3,0,81,0,0,3,3,14,12,4,0,0,34,24,8,21,23,24,43,37,24,12,222,84,100,273,243,345,469,356,171,59,2110
RA65,0,0,0,0,0,3,0,0,0,4,0,0,0,0,0,0,0,0,0,0,0,0,4,0,0,0,0,0,0,4,0,0,0,0,3,0,0,0,0,4,0,0,4,0,6,0,0,0,0,10,0,0,0,0,0,0,0,0,0,3,0,0,3,3,0,0,0,0,0,9,0,8,23,5,15,12,7,0,0,73
RA69,0,3,12,10,5,4,0,0,0,36,0,0,3,7,7,8,0,0,0,27,0,0,7,3,0,0,0,0,0,9,0,0,5,0,0,3,0,0,0,9,0,0,7,4,0,0,0,0,0,18,0,0,3,0,0,0,0,0,0,4,7,19,37,22,27,16,16,6,0,138,62,90,183,147,135,113,84,12,3,835
RA72,120,1347,3477,2254,1954,1345,517,105,30,11149,26,783,2931,1979,1756,1122,326,44,8,8978,21,380,2426,2044,1709,1081,251,44,6,7964,7,143,1523,1662,1614,919,186,20,5,6077,6,156,2351,2798,2488,1483,279,37,10,9615,6,78,1125,1572,1440,887,197,42,4,5346,1165,1445,4046,2978,2560,1930,1046,387,131,15700,7600,9555,26858,21789,18951,14042,7413,2470,626,109301
RA73,29,282,918,623,711,514,145,25,4,3250,10,140,746,553,608,402,87,7,0,2554,6,65,610,561,552,385,58,9,0,2256,0,31,308,375,468,360,60,3,0,1609,3,23,383,557,582,436,69,9,3,2056,3,8,71,161,267,182,61,4,0,757,570,665,1521,1065,1213,959,505,178,57,6733,2654,2856,7662,6297,6726,5327,2596,850,238,35215
RA74,17,120,374,243,232,172,45,3,0,1205,3,71,255,182,200,172,41,6,0,927,6,40,187,171,185,120,30,5,0,739,0,27,120,157,151,172,30,0,0,644,3,16,211,248,260,211,28,5,0,981,3,4,56,107,91,61,16,0,0,344,1257,868,1560,1182,932,560,211,55,13,6637,3788,4044,8029,6136,5159,3483,1371,411,68,32488
RA75,0,0,0,0,0,0,0,0,0,0,0,0,3,0,4,0,0,0,0,8,0,0,0,0,0,0,0,0,0,0,0,0,0,0,0,0,0,0,0,0,0,0,7,0,0,0,0,0,0,6,0,0,0,0,0,0,0,0,0,0,0,0,5,6,0,5,0,0,0,25,0,3,30,19,9,3,0,3,0,72
RA79,0,3,24,17,12,26,6,0,0,88,0,3,21,18,16,7,9,0,0,69,0,0,17,11,5,13,4,0,0,49,0,0,5,15,12,0,0,0,0,33,0,3,22,10,18,10,0,0,0,58,0,0,6,8,16,8,3,0,0,39,4,47,143,96,111,81,51,12,0,551,32,183,457,396,461,438,278,38,0,2281
RA80,171,3235,8514,5226,4306,3990,2704,953,386,29486,36,1651,9288,5459,4366,3554,1814,533,214,26915,19,549,7813,6437,5353,3532,1467,400,151,25724,9,156,4414,5099,4038,2602,904,211,99,17522,23,120,5785,11255,10382,5645,1430,299,132,35074,21,58,1243,4096,5136,3146,874,244,98,14922,1526,2163,4648,3517,3046,2525,2140,1647,1418,22628,24420,31319,65909,58180,50816,41358,29400,14346,6150,321901
RA81,0,3,12,11,19,10,0,0,0,53,0,0,15,17,9,4,3,0,0,53,0,0,7,10,12,9,0,0,0,35,0,0,7,9,10,4,3,0,0,28,0,0,6,25,11,10,0,0,0,43,0,0,3,9,7,5,3,0,0,29,10,3,11,14,9,8,3,0,0,60,50,31,105,118,96,72,27,8,3,512
RA85,0,0,0,0,0,0,0,0,0,0,0,0,0,0,0,0,0,0,0,0,0,0,0,0,0,0,0,0,0,0,0,0,0,0,0,0,0,0,0,0,0,0,0,0,0,0,0,0,0,0,0,0,0,0,0,0,0,0,0,0,0,0,0,0,0,0,0,0,0,0,0,0,0,0,0,0,0,0,0,0
RA89,0,9,7,3,3,3,0,0,0,27,0,4,6,7,0,3,0,0,0,21,0,0,6,5,3,8,0,0,0,20,0,0,4,0,0,3,0,0,0,8,0,0,3,0,3,3,0,0,0,13,0,0,0,3,0,4,0,0,0,9,6,9,9,26,6,20,0,3,0,88,35,79,108,107,68,78,24,8,3,506
RA91,0,3,11,4,6,0,0,0,0,24,0,3,4,7,0,0,0,0,0,16,0,3,9,3,0,0,0,0,0,8,0,0,0,0,7,0,0,0,0,7,0,0,0,3,8,0,0,0,0,17,0,0,0,0,0,0,0,0,0,3,9,14,21,11,16,8,12,0,0,93,35,39,61,58,59,33,15,6,0,312
RA94,0,12,40,55,58,57,26,0,0,251,0,3,27,33,38,42,17,0,0,166,0,9,17,33,43,36,17,5,0,160,0,0,21,40,33,29,11,0,0,141,0,7,32,47,53,37,12,0,0,188,0,0,7,11,11,11,6,0,0,53,36,55,151,111,109,97,59,28,12,666,173,161,507,576,651,661,444,179,51,3402
RA95,0,0,0,0,0,0,0,0,0,0,0,0,0,0,0,0,0,0,0,0,0,0,0,0,0,0,0,0,0,0,0,0,0,0,0,0,0,0,0,3,0,0,0,0,0,0,0,0,0,0,0,0,0,0,0,0,0,0,0,0,0,0,0,0,0,0,0,0,0,0,0,0,3,0,0,0,0,0,0,6
RA99,0,0,0,0,0,0,0,0,0,4,0,0,0,0,0,0,0,0,0,0,0,0,0,0,0,0,0,0,0,0,0,0,0,0,0,0,0,0,0,0,0,0,0,0,0,0,0,0,0,0,0,0,0,0,0,0,0,0,0,0,0,4,0,0,0,0,3,0,0,8,3,10,0,5,9,11,13,0,0,46